year,month,day,date_pk,day_of_the_week,quarter,date
2013,01,01,0,Tuesday,1,2013-01-01
2013,01,07,1,Monday,1,2013-01-07
2013,01,19,2,Saturday,1,2013-01-19
2013,01,23,3,Wednesday,1,2013-01-23
2013,01,25,4,Friday,1,2013-01-25
2013,01,26,5,Saturday,1,2013-01-26
2013,02,02,6,Saturday,1,2013-02-02
2013,02,03,7,Sunday,1,2013-02-03
2013,02,09,8,Saturday,1,2013-02-09
2013,02,11,9,Monday,1,2013-02-11
2013,02,19,10,Tuesday,1,2013-02-19
2013,03,03,11,Sunday,1,2013-03-03
2013,03,04,12,Monday,1,2013-03-04
2013,03,07,13,Thursday,1,2013-03-07
2013,03,10,14,Sunday,1,2013-03-10
2013,03,11,15,Monday,1,2013-03-11
2013,03,13,16,Wednesday,1,2013-03-13
2013,03,21,17,Thursday,1,2013-03-21
2013,04,18,18,Thursday,2,2013-04-18
2013,04,21,19,Sunday,2,2013-04-21
2013,04,22,20,Monday,2,2013-04-22
2013,04,24,21,Wednesday,2,2013-04-24
2013,04,25,22,Thursday,2,2013-04-25
2013,04,28,23,Sunday,2,2013-04-28
2013,05,02,24,Thursday,2,2013-05-02
2013,05,04,25,Saturday,2,2013-05-04
2013,05,11,26,Saturday,2,2013-05-11
2013,05,12,27,Sunday,2,2013-05-12
2013,05,13,28,Monday,2,2013-05-13
2013,05,14,29,Tuesday,2,2013-05-14
2013,05,16,30,Thursday,2,2013-05-16
2013,05,18,31,Saturday,2,2013-05-18
2013,05,19,32,Sunday,2,2013-05-19
2013,05,23,33,Thursday,2,2013-05-23
2013,05,25,34,Saturday,2,2013-05-25
2013,06,07,35,Friday,2,2013-06-07
2013,06,10,36,Monday,2,2013-06-10
2013,06,15,37,Saturday,2,2013-06-15
2013,06,21,38,Friday,2,2013-06-21
2013,06,23,39,Sunday,2,2013-06-23
2013,06,27,40,Thursday,2,2013-06-27
2013,07,01,41,Monday,3,2013-07-01
2013,07,02,42,Tuesday,3,2013-07-02
2013,07,07,43,Sunday,3,2013-07-07
2013,07,12,44,Friday,3,2013-07-12
2013,07,13,45,Saturday,3,2013-07-13
2013,07,14,46,Sunday,3,2013-07-14
2013,07,20,47,Saturday,3,2013-07-20
2013,07,26,48,Friday,3,2013-07-26
2013,07,30,49,Tuesday,3,2013-07-30
2013,08,02,50,Friday,3,2013-08-02
2013,08,04,51,Sunday,3,2013-08-04
2013,08,05,52,Monday,3,2013-08-05
2013,08,06,53,Tuesday,3,2013-08-06
2013,08,09,54,Friday,3,2013-08-09
2013,08,14,55,Wednesday,3,2013-08-14
2013,08,17,56,Saturday,3,2013-08-17
2013,08,19,57,Monday,3,2013-08-19
2013,08,20,58,Tuesday,3,2013-08-20
2013,08,23,59,Friday,3,2013-08-23
2013,08,25,60,Sunday,3,2013-08-25
2013,09,07,61,Saturday,3,2013-09-07
2013,09,11,62,Wednesday,3,2013-09-11
2013,09,14,63,Saturday,3,2013-09-14
2013,09,15,64,Sunday,3,2013-09-15
2013,09,16,65,Monday,3,2013-09-16
2013,09,19,66,Thursday,3,2013-09-19
2013,09,20,67,Friday,3,2013-09-20
2013,09,22,68,Sunday,3,2013-09-22
2013,09,24,69,Tuesday,3,2013-09-24
2013,09,27,70,Friday,3,2013-09-27
2013,10,05,71,Saturday,4,2013-10-05
2013,10,07,72,Monday,4,2013-10-07
2013,10,12,73,Saturday,4,2013-10-12
2013,10,13,74,Sunday,4,2013-10-13
2013,10,26,75,Saturday,4,2013-10-26
2013,10,27,76,Sunday,4,2013-10-27
2013,11,10,77,Sunday,4,2013-11-10
2013,11,11,78,Monday,4,2013-11-11
2013,11,22,79,Friday,4,2013-11-22
2013,11,28,80,Thursday,4,2013-11-28
2013,12,01,81,Sunday,4,2013-12-01
2013,12,07,82,Saturday,4,2013-12-07
2013,12,22,83,Sunday,4,2013-12-22
2013,12,25,84,Wednesday,4,2013-12-25
2013,12,26,85,Thursday,4,2013-12-26
2014,01,01,86,Wednesday,1,2014-01-01
2014,01,02,87,Thursday,1,2014-01-02
2014,01,03,88,Friday,1,2014-01-03
2014,01,04,89,Saturday,1,2014-01-04
2014,01,05,90,Sunday,1,2014-01-05
2014,01,06,91,Monday,1,2014-01-06
2014,01,07,92,Tuesday,1,2014-01-07
2014,01,08,93,Wednesday,1,2014-01-08
2014,01,09,94,Thursday,1,2014-01-09
2014,01,10,95,Friday,1,2014-01-10
2014,01,11,96,Saturday,1,2014-01-11
2014,01,12,97,Sunday,1,2014-01-12
2014,01,13,98,Monday,1,2014-01-13
2014,01,14,99,Tuesday,1,2014-01-14
2014,01,15,100,Wednesday,1,2014-01-15
2014,01,16,101,Thursday,1,2014-01-16
2014,01,17,102,Friday,1,2014-01-17
2014,01,18,103,Saturday,1,2014-01-18
2014,01,19,104,Sunday,1,2014-01-19
2014,01,20,105,Monday,1,2014-01-20
2014,01,21,106,Tuesday,1,2014-01-21
2014,01,22,107,Wednesday,1,2014-01-22
2014,01,23,108,Thursday,1,2014-01-23
2014,01,24,109,Friday,1,2014-01-24
2014,01,25,110,Saturday,1,2014-01-25
2014,01,26,111,Sunday,1,2014-01-26
2014,01,27,112,Monday,1,2014-01-27
2014,01,28,113,Tuesday,1,2014-01-28
2014,01,29,114,Wednesday,1,2014-01-29
2014,01,30,115,Thursday,1,2014-01-30
2014,01,31,116,Friday,1,2014-01-31
2014,02,01,117,Saturday,1,2014-02-01
2014,02,02,118,Sunday,1,2014-02-02
2014,02,03,119,Monday,1,2014-02-03
2014,02,04,120,Tuesday,1,2014-02-04
2014,02,05,121,Wednesday,1,2014-02-05
2014,02,06,122,Thursday,1,2014-02-06
2014,02,07,123,Friday,1,2014-02-07
2014,02,08,124,Saturday,1,2014-02-08
2014,02,09,125,Sunday,1,2014-02-09
2014,02,10,126,Monday,1,2014-02-10
2014,02,11,127,Tuesday,1,2014-02-11
2014,02,12,128,Wednesday,1,2014-02-12
2014,02,13,129,Thursday,1,2014-02-13
2014,02,14,130,Friday,1,2014-02-14
2014,02,15,131,Saturday,1,2014-02-15
2014,02,16,132,Sunday,1,2014-02-16
2014,02,17,133,Monday,1,2014-02-17
2014,02,18,134,Tuesday,1,2014-02-18
2014,02,19,135,Wednesday,1,2014-02-19
2014,02,20,136,Thursday,1,2014-02-20
2014,02,21,137,Friday,1,2014-02-21
2014,02,22,138,Saturday,1,2014-02-22
2014,02,23,139,Sunday,1,2014-02-23
2014,02,24,140,Monday,1,2014-02-24
2014,02,25,141,Tuesday,1,2014-02-25
2014,02,26,142,Wednesday,1,2014-02-26
2014,02,27,143,Thursday,1,2014-02-27
2014,02,28,144,Friday,1,2014-02-28
2014,03,01,145,Saturday,1,2014-03-01
2014,03,02,146,Sunday,1,2014-03-02
2014,03,03,147,Monday,1,2014-03-03
2014,03,04,148,Tuesday,1,2014-03-04
2014,03,05,149,Wednesday,1,2014-03-05
2014,03,06,150,Thursday,1,2014-03-06
2014,03,07,151,Friday,1,2014-03-07
2014,03,08,152,Saturday,1,2014-03-08
2014,03,09,153,Sunday,1,2014-03-09
2014,03,10,154,Monday,1,2014-03-10
2014,03,11,155,Tuesday,1,2014-03-11
2014,03,12,156,Wednesday,1,2014-03-12
2014,03,13,157,Thursday,1,2014-03-13
2014,03,14,158,Friday,1,2014-03-14
2014,03,15,159,Saturday,1,2014-03-15
2014,03,16,160,Sunday,1,2014-03-16
2014,03,17,161,Monday,1,2014-03-17
2014,03,18,162,Tuesday,1,2014-03-18
2014,03,19,163,Wednesday,1,2014-03-19
2014,03,20,164,Thursday,1,2014-03-20
2014,03,21,165,Friday,1,2014-03-21
2014,03,22,166,Saturday,1,2014-03-22
2014,03,23,167,Sunday,1,2014-03-23
2014,03,24,168,Monday,1,2014-03-24
2014,03,25,169,Tuesday,1,2014-03-25
2014,03,26,170,Wednesday,1,2014-03-26
2014,03,27,171,Thursday,1,2014-03-27
2014,03,28,172,Friday,1,2014-03-28
2014,03,29,173,Saturday,1,2014-03-29
2014,03,30,174,Sunday,1,2014-03-30
2014,03,31,175,Monday,1,2014-03-31
2014,04,01,176,Tuesday,2,2014-04-01
2014,04,02,177,Wednesday,2,2014-04-02
2014,04,03,178,Thursday,2,2014-04-03
2014,04,04,179,Friday,2,2014-04-04
2014,04,05,180,Saturday,2,2014-04-05
2014,04,06,181,Sunday,2,2014-04-06
2014,04,07,182,Monday,2,2014-04-07
2014,04,08,183,Tuesday,2,2014-04-08
2014,04,09,184,Wednesday,2,2014-04-09
2014,04,10,185,Thursday,2,2014-04-10
2014,04,11,186,Friday,2,2014-04-11
2014,04,12,187,Saturday,2,2014-04-12
2014,04,13,188,Sunday,2,2014-04-13
2014,04,14,189,Monday,2,2014-04-14
2014,04,15,190,Tuesday,2,2014-04-15
2014,04,16,191,Wednesday,2,2014-04-16
2014,04,17,192,Thursday,2,2014-04-17
2014,04,18,193,Friday,2,2014-04-18
2014,04,19,194,Saturday,2,2014-04-19
2014,04,20,195,Sunday,2,2014-04-20
2014,04,21,196,Monday,2,2014-04-21
2014,04,22,197,Tuesday,2,2014-04-22
2014,04,23,198,Wednesday,2,2014-04-23
2014,04,24,199,Thursday,2,2014-04-24
2014,04,25,200,Friday,2,2014-04-25
2014,04,26,201,Saturday,2,2014-04-26
2014,04,27,202,Sunday,2,2014-04-27
2014,04,28,203,Monday,2,2014-04-28
2014,04,29,204,Tuesday,2,2014-04-29
2014,04,30,205,Wednesday,2,2014-04-30
2014,05,01,206,Thursday,2,2014-05-01
2014,05,02,207,Friday,2,2014-05-02
2014,05,03,208,Saturday,2,2014-05-03
2014,05,04,209,Sunday,2,2014-05-04
2014,05,05,210,Monday,2,2014-05-05
2014,05,06,211,Tuesday,2,2014-05-06
2014,05,07,212,Wednesday,2,2014-05-07
2014,05,08,213,Thursday,2,2014-05-08
2014,05,09,214,Friday,2,2014-05-09
2014,05,10,215,Saturday,2,2014-05-10
2014,05,11,216,Sunday,2,2014-05-11
2014,05,12,217,Monday,2,2014-05-12
2014,05,13,218,Tuesday,2,2014-05-13
2014,05,14,219,Wednesday,2,2014-05-14
2014,05,15,220,Thursday,2,2014-05-15
2014,05,16,221,Friday,2,2014-05-16
2014,05,17,222,Saturday,2,2014-05-17
2014,05,18,223,Sunday,2,2014-05-18
2014,05,19,224,Monday,2,2014-05-19
2014,05,20,225,Tuesday,2,2014-05-20
2014,05,21,226,Wednesday,2,2014-05-21
2014,05,22,227,Thursday,2,2014-05-22
2014,05,23,228,Friday,2,2014-05-23
2014,05,24,229,Saturday,2,2014-05-24
2014,05,25,230,Sunday,2,2014-05-25
2014,05,26,231,Monday,2,2014-05-26
2014,05,27,232,Tuesday,2,2014-05-27
2014,05,28,233,Wednesday,2,2014-05-28
2014,05,29,234,Thursday,2,2014-05-29
2014,05,30,235,Friday,2,2014-05-30
2014,05,31,236,Saturday,2,2014-05-31
2014,06,01,237,Sunday,2,2014-06-01
2014,06,02,238,Monday,2,2014-06-02
2014,06,03,239,Tuesday,2,2014-06-03
2014,06,04,240,Wednesday,2,2014-06-04
2014,06,05,241,Thursday,2,2014-06-05
2014,06,06,242,Friday,2,2014-06-06
2014,06,07,243,Saturday,2,2014-06-07
2014,06,08,244,Sunday,2,2014-06-08
2014,06,09,245,Monday,2,2014-06-09
2014,06,10,246,Tuesday,2,2014-06-10
2014,06,11,247,Wednesday,2,2014-06-11
2014,06,12,248,Thursday,2,2014-06-12
2014,06,13,249,Friday,2,2014-06-13
2014,06,14,250,Saturday,2,2014-06-14
2014,06,15,251,Sunday,2,2014-06-15
2014,06,16,252,Monday,2,2014-06-16
2014,06,17,253,Tuesday,2,2014-06-17
2014,06,18,254,Wednesday,2,2014-06-18
2014,06,19,255,Thursday,2,2014-06-19
2014,06,20,256,Friday,2,2014-06-20
2014,06,21,257,Saturday,2,2014-06-21
2014,06,22,258,Sunday,2,2014-06-22
2014,06,23,259,Monday,2,2014-06-23
2014,06,24,260,Tuesday,2,2014-06-24
2014,06,25,261,Wednesday,2,2014-06-25
2014,06,26,262,Thursday,2,2014-06-26
2014,06,27,263,Friday,2,2014-06-27
2014,06,28,264,Saturday,2,2014-06-28
2014,06,29,265,Sunday,2,2014-06-29
2014,06,30,266,Monday,2,2014-06-30
2014,07,01,267,Tuesday,3,2014-07-01
2014,07,02,268,Wednesday,3,2014-07-02
2014,07,03,269,Thursday,3,2014-07-03
2014,07,04,270,Friday,3,2014-07-04
2014,07,05,271,Saturday,3,2014-07-05
2014,07,06,272,Sunday,3,2014-07-06
2014,07,07,273,Monday,3,2014-07-07
2014,07,08,274,Tuesday,3,2014-07-08
2014,07,09,275,Wednesday,3,2014-07-09
2014,07,10,276,Thursday,3,2014-07-10
2014,07,11,277,Friday,3,2014-07-11
2014,07,12,278,Saturday,3,2014-07-12
2014,07,13,279,Sunday,3,2014-07-13
2014,07,14,280,Monday,3,2014-07-14
2014,07,15,281,Tuesday,3,2014-07-15
2014,07,16,282,Wednesday,3,2014-07-16
2014,07,17,283,Thursday,3,2014-07-17
2014,07,18,284,Friday,3,2014-07-18
2014,07,19,285,Saturday,3,2014-07-19
2014,07,20,286,Sunday,3,2014-07-20
2014,07,21,287,Monday,3,2014-07-21
2014,07,22,288,Tuesday,3,2014-07-22
2014,07,23,289,Wednesday,3,2014-07-23
2014,07,24,290,Thursday,3,2014-07-24
2014,07,25,291,Friday,3,2014-07-25
2014,07,26,292,Saturday,3,2014-07-26
2014,07,27,293,Sunday,3,2014-07-27
2014,07,28,294,Monday,3,2014-07-28
2014,07,29,295,Tuesday,3,2014-07-29
2014,07,30,296,Wednesday,3,2014-07-30
2014,07,31,297,Thursday,3,2014-07-31
2014,08,01,298,Friday,3,2014-08-01
2014,08,02,299,Saturday,3,2014-08-02
2014,08,03,300,Sunday,3,2014-08-03
2014,08,04,301,Monday,3,2014-08-04
2014,08,05,302,Tuesday,3,2014-08-05
2014,08,06,303,Wednesday,3,2014-08-06
2014,08,07,304,Thursday,3,2014-08-07
2014,08,08,305,Friday,3,2014-08-08
2014,08,09,306,Saturday,3,2014-08-09
2014,08,10,307,Sunday,3,2014-08-10
2014,08,11,308,Monday,3,2014-08-11
2014,08,12,309,Tuesday,3,2014-08-12
2014,08,13,310,Wednesday,3,2014-08-13
2014,08,14,311,Thursday,3,2014-08-14
2014,08,15,312,Friday,3,2014-08-15
2014,08,16,313,Saturday,3,2014-08-16
2014,08,17,314,Sunday,3,2014-08-17
2014,08,18,315,Monday,3,2014-08-18
2014,08,19,316,Tuesday,3,2014-08-19
2014,08,20,317,Wednesday,3,2014-08-20
2014,08,21,318,Thursday,3,2014-08-21
2014,08,22,319,Friday,3,2014-08-22
2014,08,23,320,Saturday,3,2014-08-23
2014,08,24,321,Sunday,3,2014-08-24
2014,08,25,322,Monday,3,2014-08-25
2014,08,26,323,Tuesday,3,2014-08-26
2014,08,27,324,Wednesday,3,2014-08-27
2014,08,28,325,Thursday,3,2014-08-28
2014,08,29,326,Friday,3,2014-08-29
2014,08,30,327,Saturday,3,2014-08-30
2014,08,31,328,Sunday,3,2014-08-31
2014,09,01,329,Monday,3,2014-09-01
2014,09,02,330,Tuesday,3,2014-09-02
2014,09,03,331,Wednesday,3,2014-09-03
2014,09,04,332,Thursday,3,2014-09-04
2014,09,05,333,Friday,3,2014-09-05
2014,09,06,334,Saturday,3,2014-09-06
2014,09,07,335,Sunday,3,2014-09-07
2014,09,08,336,Monday,3,2014-09-08
2014,09,09,337,Tuesday,3,2014-09-09
2014,09,10,338,Wednesday,3,2014-09-10
2014,09,11,339,Thursday,3,2014-09-11
2014,09,12,340,Friday,3,2014-09-12
2014,09,13,341,Saturday,3,2014-09-13
2014,09,14,342,Sunday,3,2014-09-14
2014,09,15,343,Monday,3,2014-09-15
2014,09,16,344,Tuesday,3,2014-09-16
2014,09,17,345,Wednesday,3,2014-09-17
2014,09,18,346,Thursday,3,2014-09-18
2014,09,19,347,Friday,3,2014-09-19
2014,09,20,348,Saturday,3,2014-09-20
2014,09,21,349,Sunday,3,2014-09-21
2014,09,22,350,Monday,3,2014-09-22
2014,09,23,351,Tuesday,3,2014-09-23
2014,09,24,352,Wednesday,3,2014-09-24
2014,09,25,353,Thursday,3,2014-09-25
2014,09,26,354,Friday,3,2014-09-26
2014,09,27,355,Saturday,3,2014-09-27
2014,09,28,356,Sunday,3,2014-09-28
2014,09,29,357,Monday,3,2014-09-29
2014,09,30,358,Tuesday,3,2014-09-30
2014,10,01,359,Wednesday,4,2014-10-01
2014,10,02,360,Thursday,4,2014-10-02
2014,10,03,361,Friday,4,2014-10-03
2014,10,04,362,Saturday,4,2014-10-04
2014,10,05,363,Sunday,4,2014-10-05
2014,10,06,364,Monday,4,2014-10-06
2014,10,07,365,Tuesday,4,2014-10-07
2014,10,08,366,Wednesday,4,2014-10-08
2014,10,09,367,Thursday,4,2014-10-09
2014,10,10,368,Friday,4,2014-10-10
2014,10,11,369,Saturday,4,2014-10-11
2014,10,12,370,Sunday,4,2014-10-12
2014,10,13,371,Monday,4,2014-10-13
2014,10,14,372,Tuesday,4,2014-10-14
2014,10,15,373,Wednesday,4,2014-10-15
2014,10,16,374,Thursday,4,2014-10-16
2014,10,17,375,Friday,4,2014-10-17
2014,10,18,376,Saturday,4,2014-10-18
2014,10,19,377,Sunday,4,2014-10-19
2014,10,20,378,Monday,4,2014-10-20
2014,10,21,379,Tuesday,4,2014-10-21
2014,10,22,380,Wednesday,4,2014-10-22
2014,10,23,381,Thursday,4,2014-10-23
2014,10,24,382,Friday,4,2014-10-24
2014,10,25,383,Saturday,4,2014-10-25
2014,10,26,384,Sunday,4,2014-10-26
2014,10,27,385,Monday,4,2014-10-27
2014,10,28,386,Tuesday,4,2014-10-28
2014,10,29,387,Wednesday,4,2014-10-29
2014,10,30,388,Thursday,4,2014-10-30
2014,10,31,389,Friday,4,2014-10-31
2014,11,01,390,Saturday,4,2014-11-01
2014,11,02,391,Sunday,4,2014-11-02
2014,11,03,392,Monday,4,2014-11-03
2014,11,04,393,Tuesday,4,2014-11-04
2014,11,05,394,Wednesday,4,2014-11-05
2014,11,06,395,Thursday,4,2014-11-06
2014,11,07,396,Friday,4,2014-11-07
2014,11,08,397,Saturday,4,2014-11-08
2014,11,09,398,Sunday,4,2014-11-09
2014,11,10,399,Monday,4,2014-11-10
2014,11,11,400,Tuesday,4,2014-11-11
2014,11,12,401,Wednesday,4,2014-11-12
2014,11,13,402,Thursday,4,2014-11-13
2014,11,14,403,Friday,4,2014-11-14
2014,11,15,404,Saturday,4,2014-11-15
2014,11,16,405,Sunday,4,2014-11-16
2014,11,17,406,Monday,4,2014-11-17
2014,11,18,407,Tuesday,4,2014-11-18
2014,11,19,408,Wednesday,4,2014-11-19
2014,11,20,409,Thursday,4,2014-11-20
2014,11,21,410,Friday,4,2014-11-21
2014,11,22,411,Saturday,4,2014-11-22
2014,11,23,412,Sunday,4,2014-11-23
2014,11,24,413,Monday,4,2014-11-24
2014,11,25,414,Tuesday,4,2014-11-25
2014,11,26,415,Wednesday,4,2014-11-26
2014,11,27,416,Thursday,4,2014-11-27
2014,11,28,417,Friday,4,2014-11-28
2014,11,29,418,Saturday,4,2014-11-29
2014,11,30,419,Sunday,4,2014-11-30
2014,12,01,420,Monday,4,2014-12-01
2014,12,02,421,Tuesday,4,2014-12-02
2014,12,03,422,Wednesday,4,2014-12-03
2014,12,04,423,Thursday,4,2014-12-04
2014,12,05,424,Friday,4,2014-12-05
2014,12,06,425,Saturday,4,2014-12-06
2014,12,07,426,Sunday,4,2014-12-07
2014,12,08,427,Monday,4,2014-12-08
2014,12,09,428,Tuesday,4,2014-12-09
2014,12,10,429,Wednesday,4,2014-12-10
2014,12,11,430,Thursday,4,2014-12-11
2014,12,12,431,Friday,4,2014-12-12
2014,12,13,432,Saturday,4,2014-12-13
2014,12,14,433,Sunday,4,2014-12-14
2014,12,15,434,Monday,4,2014-12-15
2014,12,16,435,Tuesday,4,2014-12-16
2014,12,17,436,Wednesday,4,2014-12-17
2014,12,18,437,Thursday,4,2014-12-18
2014,12,19,438,Friday,4,2014-12-19
2014,12,20,439,Saturday,4,2014-12-20
2014,12,21,440,Sunday,4,2014-12-21
2014,12,22,441,Monday,4,2014-12-22
2014,12,23,442,Tuesday,4,2014-12-23
2014,12,24,443,Wednesday,4,2014-12-24
2014,12,25,444,Thursday,4,2014-12-25
2014,12,26,445,Friday,4,2014-12-26
2014,12,27,446,Saturday,4,2014-12-27
2014,12,28,447,Sunday,4,2014-12-28
2014,12,29,448,Monday,4,2014-12-29
2014,12,30,449,Tuesday,4,2014-12-30
2014,12,31,450,Wednesday,4,2014-12-31
2015,01,01,451,Thursday,1,2015-01-01
2015,01,02,452,Friday,1,2015-01-02
2015,01,03,453,Saturday,1,2015-01-03
2015,01,04,454,Sunday,1,2015-01-04
2015,01,05,455,Monday,1,2015-01-05
2015,01,06,456,Tuesday,1,2015-01-06
2015,01,07,457,Wednesday,1,2015-01-07
2015,01,08,458,Thursday,1,2015-01-08
2015,01,09,459,Friday,1,2015-01-09
2015,01,10,460,Saturday,1,2015-01-10
2015,01,11,461,Sunday,1,2015-01-11
2015,01,12,462,Monday,1,2015-01-12
2015,01,13,463,Tuesday,1,2015-01-13
2015,01,14,464,Wednesday,1,2015-01-14
2015,01,15,465,Thursday,1,2015-01-15
2015,01,16,466,Friday,1,2015-01-16
2015,01,17,467,Saturday,1,2015-01-17
2015,01,18,468,Sunday,1,2015-01-18
2015,01,19,469,Monday,1,2015-01-19
2015,01,20,470,Tuesday,1,2015-01-20
2015,01,21,471,Wednesday,1,2015-01-21
2015,01,22,472,Thursday,1,2015-01-22
2015,01,23,473,Friday,1,2015-01-23
2015,01,24,474,Saturday,1,2015-01-24
2015,01,25,475,Sunday,1,2015-01-25
2015,01,26,476,Monday,1,2015-01-26
2015,01,27,477,Tuesday,1,2015-01-27
2015,01,28,478,Wednesday,1,2015-01-28
2015,01,29,479,Thursday,1,2015-01-29
2015,01,30,480,Friday,1,2015-01-30
2015,01,31,481,Saturday,1,2015-01-31
2015,02,01,482,Sunday,1,2015-02-01
2015,02,02,483,Monday,1,2015-02-02
2015,02,03,484,Tuesday,1,2015-02-03
2015,02,04,485,Wednesday,1,2015-02-04
2015,02,05,486,Thursday,1,2015-02-05
2015,02,06,487,Friday,1,2015-02-06
2015,02,07,488,Saturday,1,2015-02-07
2015,02,08,489,Sunday,1,2015-02-08
2015,02,09,490,Monday,1,2015-02-09
2015,02,10,491,Tuesday,1,2015-02-10
2015,02,11,492,Wednesday,1,2015-02-11
2015,02,12,493,Thursday,1,2015-02-12
2015,02,13,494,Friday,1,2015-02-13
2015,02,14,495,Saturday,1,2015-02-14
2015,02,15,496,Sunday,1,2015-02-15
2015,02,16,497,Monday,1,2015-02-16
2015,02,17,498,Tuesday,1,2015-02-17
2015,02,18,499,Wednesday,1,2015-02-18
2015,02,19,500,Thursday,1,2015-02-19
2015,02,20,501,Friday,1,2015-02-20
2015,02,21,502,Saturday,1,2015-02-21
2015,02,22,503,Sunday,1,2015-02-22
2015,02,23,504,Monday,1,2015-02-23
2015,02,24,505,Tuesday,1,2015-02-24
2015,02,25,506,Wednesday,1,2015-02-25
2015,02,26,507,Thursday,1,2015-02-26
2015,02,27,508,Friday,1,2015-02-27
2015,02,28,509,Saturday,1,2015-02-28
2015,03,01,510,Sunday,1,2015-03-01
2015,03,02,511,Monday,1,2015-03-02
2015,03,03,512,Tuesday,1,2015-03-03
2015,03,04,513,Wednesday,1,2015-03-04
2015,03,05,514,Thursday,1,2015-03-05
2015,03,06,515,Friday,1,2015-03-06
2015,03,07,516,Saturday,1,2015-03-07
2015,03,08,517,Sunday,1,2015-03-08
2015,03,09,518,Monday,1,2015-03-09
2015,03,10,519,Tuesday,1,2015-03-10
2015,03,11,520,Wednesday,1,2015-03-11
2015,03,12,521,Thursday,1,2015-03-12
2015,03,13,522,Friday,1,2015-03-13
2015,03,14,523,Saturday,1,2015-03-14
2015,03,15,524,Sunday,1,2015-03-15
2015,03,16,525,Monday,1,2015-03-16
2015,03,17,526,Tuesday,1,2015-03-17
2015,03,18,527,Wednesday,1,2015-03-18
2015,03,19,528,Thursday,1,2015-03-19
2015,03,20,529,Friday,1,2015-03-20
2015,03,21,530,Saturday,1,2015-03-21
2015,03,22,531,Sunday,1,2015-03-22
2015,03,23,532,Monday,1,2015-03-23
2015,03,24,533,Tuesday,1,2015-03-24
2015,03,25,534,Wednesday,1,2015-03-25
2015,03,26,535,Thursday,1,2015-03-26
2015,03,27,536,Friday,1,2015-03-27
2015,03,28,537,Saturday,1,2015-03-28
2015,03,29,538,Sunday,1,2015-03-29
2015,03,30,539,Monday,1,2015-03-30
2015,03,31,540,Tuesday,1,2015-03-31
2015,04,01,541,Wednesday,2,2015-04-01
2015,04,02,542,Thursday,2,2015-04-02
2015,04,03,543,Friday,2,2015-04-03
2015,04,04,544,Saturday,2,2015-04-04
2015,04,05,545,Sunday,2,2015-04-05
2015,04,06,546,Monday,2,2015-04-06
2015,04,07,547,Tuesday,2,2015-04-07
2015,04,08,548,Wednesday,2,2015-04-08
2015,04,09,549,Thursday,2,2015-04-09
2015,04,10,550,Friday,2,2015-04-10
2015,04,11,551,Saturday,2,2015-04-11
2015,04,12,552,Sunday,2,2015-04-12
2015,04,13,553,Monday,2,2015-04-13
2015,04,14,554,Tuesday,2,2015-04-14
2015,04,15,555,Wednesday,2,2015-04-15
2015,04,16,556,Thursday,2,2015-04-16
2015,04,17,557,Friday,2,2015-04-17
2015,04,18,558,Saturday,2,2015-04-18
2015,04,19,559,Sunday,2,2015-04-19
2015,04,20,560,Monday,2,2015-04-20
2015,04,22,561,Wednesday,2,2015-04-22
2015,04,23,562,Thursday,2,2015-04-23
2015,04,24,563,Friday,2,2015-04-24
2015,04,25,564,Saturday,2,2015-04-25
2015,04,26,565,Sunday,2,2015-04-26
2015,04,27,566,Monday,2,2015-04-27
2015,04,28,567,Tuesday,2,2015-04-28
2015,04,29,568,Wednesday,2,2015-04-29
2015,04,30,569,Thursday,2,2015-04-30
2015,05,01,570,Friday,2,2015-05-01
2015,05,02,571,Saturday,2,2015-05-02
2015,05,03,572,Sunday,2,2015-05-03
2015,05,04,573,Monday,2,2015-05-04
2015,05,05,574,Tuesday,2,2015-05-05
2015,05,06,575,Wednesday,2,2015-05-06
2015,05,07,576,Thursday,2,2015-05-07
2015,05,08,577,Friday,2,2015-05-08
2015,05,09,578,Saturday,2,2015-05-09
2015,05,10,579,Sunday,2,2015-05-10
2015,05,11,580,Monday,2,2015-05-11
2015,05,12,581,Tuesday,2,2015-05-12
2015,05,13,582,Wednesday,2,2015-05-13
2015,05,14,583,Thursday,2,2015-05-14
2015,05,15,584,Friday,2,2015-05-15
2015,05,16,585,Saturday,2,2015-05-16
2015,05,17,586,Sunday,2,2015-05-17
2015,05,18,587,Monday,2,2015-05-18
2015,05,19,588,Tuesday,2,2015-05-19
2015,05,20,589,Wednesday,2,2015-05-20
2015,05,21,590,Thursday,2,2015-05-21
2015,05,22,591,Friday,2,2015-05-22
2015,05,23,592,Saturday,2,2015-05-23
2015,05,24,593,Sunday,2,2015-05-24
2015,05,25,594,Monday,2,2015-05-25
2015,05,26,595,Tuesday,2,2015-05-26
2015,05,27,596,Wednesday,2,2015-05-27
2015,05,28,597,Thursday,2,2015-05-28
2015,05,29,598,Friday,2,2015-05-29
2015,05,30,599,Saturday,2,2015-05-30
2015,05,31,600,Sunday,2,2015-05-31
2015,06,01,601,Monday,2,2015-06-01
2015,06,02,602,Tuesday,2,2015-06-02
2015,06,03,603,Wednesday,2,2015-06-03
2015,06,04,604,Thursday,2,2015-06-04
2015,06,05,605,Friday,2,2015-06-05
2015,06,06,606,Saturday,2,2015-06-06
2015,06,07,607,Sunday,2,2015-06-07
2015,06,08,608,Monday,2,2015-06-08
2015,06,09,609,Tuesday,2,2015-06-09
2015,06,10,610,Wednesday,2,2015-06-10
2015,06,11,611,Thursday,2,2015-06-11
2015,06,12,612,Friday,2,2015-06-12
2015,06,13,613,Saturday,2,2015-06-13
2015,06,14,614,Sunday,2,2015-06-14
2015,06,15,615,Monday,2,2015-06-15
2015,06,16,616,Tuesday,2,2015-06-16
2015,06,17,617,Wednesday,2,2015-06-17
2015,06,18,618,Thursday,2,2015-06-18
2015,06,19,619,Friday,2,2015-06-19
2015,06,20,620,Saturday,2,2015-06-20
2015,06,21,621,Sunday,2,2015-06-21
2015,06,22,622,Monday,2,2015-06-22
2015,06,23,623,Tuesday,2,2015-06-23
2015,06,24,624,Wednesday,2,2015-06-24
2015,06,25,625,Thursday,2,2015-06-25
2015,06,26,626,Friday,2,2015-06-26
2015,06,27,627,Saturday,2,2015-06-27
2015,06,28,628,Sunday,2,2015-06-28
2015,06,29,629,Monday,2,2015-06-29
2015,06,30,630,Tuesday,2,2015-06-30
2015,07,01,631,Wednesday,3,2015-07-01
2015,07,02,632,Thursday,3,2015-07-02
2015,07,03,633,Friday,3,2015-07-03
2015,07,04,634,Saturday,3,2015-07-04
2015,07,05,635,Sunday,3,2015-07-05
2015,07,06,636,Monday,3,2015-07-06
2015,07,07,637,Tuesday,3,2015-07-07
2015,07,08,638,Wednesday,3,2015-07-08
2015,07,09,639,Thursday,3,2015-07-09
2015,07,10,640,Friday,3,2015-07-10
2015,07,11,641,Saturday,3,2015-07-11
2015,07,12,642,Sunday,3,2015-07-12
2015,07,13,643,Monday,3,2015-07-13
2015,07,14,644,Tuesday,3,2015-07-14
2015,07,15,645,Wednesday,3,2015-07-15
2015,07,16,646,Thursday,3,2015-07-16
2015,07,17,647,Friday,3,2015-07-17
2015,07,18,648,Saturday,3,2015-07-18
2015,07,19,649,Sunday,3,2015-07-19
2015,07,20,650,Monday,3,2015-07-20
2015,07,21,651,Tuesday,3,2015-07-21
2015,07,22,652,Wednesday,3,2015-07-22
2015,07,23,653,Thursday,3,2015-07-23
2015,07,24,654,Friday,3,2015-07-24
2015,07,25,655,Saturday,3,2015-07-25
2015,07,26,656,Sunday,3,2015-07-26
2015,07,27,657,Monday,3,2015-07-27
2015,07,28,658,Tuesday,3,2015-07-28
2015,07,29,659,Wednesday,3,2015-07-29
2015,07,30,660,Thursday,3,2015-07-30
2015,07,31,661,Friday,3,2015-07-31
2015,08,01,662,Saturday,3,2015-08-01
2015,08,02,663,Sunday,3,2015-08-02
2015,08,03,664,Monday,3,2015-08-03
2015,08,04,665,Tuesday,3,2015-08-04
2015,08,05,666,Wednesday,3,2015-08-05
2015,08,06,667,Thursday,3,2015-08-06
2015,08,07,668,Friday,3,2015-08-07
2015,08,08,669,Saturday,3,2015-08-08
2015,08,09,670,Sunday,3,2015-08-09
2015,08,10,671,Monday,3,2015-08-10
2015,08,11,672,Tuesday,3,2015-08-11
2015,08,12,673,Wednesday,3,2015-08-12
2015,08,13,674,Thursday,3,2015-08-13
2015,08,14,675,Friday,3,2015-08-14
2015,08,15,676,Saturday,3,2015-08-15
2015,08,16,677,Sunday,3,2015-08-16
2015,08,17,678,Monday,3,2015-08-17
2015,08,18,679,Tuesday,3,2015-08-18
2015,08,19,680,Wednesday,3,2015-08-19
2015,08,20,681,Thursday,3,2015-08-20
2015,08,21,682,Friday,3,2015-08-21
2015,08,22,683,Saturday,3,2015-08-22
2015,08,23,684,Sunday,3,2015-08-23
2015,08,24,685,Monday,3,2015-08-24
2015,08,25,686,Tuesday,3,2015-08-25
2015,08,26,687,Wednesday,3,2015-08-26
2015,08,27,688,Thursday,3,2015-08-27
2015,08,28,689,Friday,3,2015-08-28
2015,08,29,690,Saturday,3,2015-08-29
2015,08,30,691,Sunday,3,2015-08-30
2015,08,31,692,Monday,3,2015-08-31
2015,09,01,693,Tuesday,3,2015-09-01
2015,09,02,694,Wednesday,3,2015-09-02
2015,09,03,695,Thursday,3,2015-09-03
2015,09,04,696,Friday,3,2015-09-04
2015,09,05,697,Saturday,3,2015-09-05
2015,09,06,698,Sunday,3,2015-09-06
2015,09,07,699,Monday,3,2015-09-07
2015,09,08,700,Tuesday,3,2015-09-08
2015,09,09,701,Wednesday,3,2015-09-09
2015,09,10,702,Thursday,3,2015-09-10
2015,09,11,703,Friday,3,2015-09-11
2015,09,12,704,Saturday,3,2015-09-12
2015,09,13,705,Sunday,3,2015-09-13
2015,09,14,706,Monday,3,2015-09-14
2015,09,15,707,Tuesday,3,2015-09-15
2015,09,16,708,Wednesday,3,2015-09-16
2015,09,17,709,Thursday,3,2015-09-17
2015,09,18,710,Friday,3,2015-09-18
2015,09,19,711,Saturday,3,2015-09-19
2015,09,20,712,Sunday,3,2015-09-20
2015,09,21,713,Monday,3,2015-09-21
2015,09,22,714,Tuesday,3,2015-09-22
2015,09,23,715,Wednesday,3,2015-09-23
2015,09,24,716,Thursday,3,2015-09-24
2015,09,25,717,Friday,3,2015-09-25
2015,09,26,718,Saturday,3,2015-09-26
2015,09,27,719,Sunday,3,2015-09-27
2015,09,28,720,Monday,3,2015-09-28
2015,09,29,721,Tuesday,3,2015-09-29
2015,09,30,722,Wednesday,3,2015-09-30
2015,10,01,723,Thursday,4,2015-10-01
2015,10,02,724,Friday,4,2015-10-02
2015,10,03,725,Saturday,4,2015-10-03
2015,10,04,726,Sunday,4,2015-10-04
2015,10,05,727,Monday,4,2015-10-05
2015,10,06,728,Tuesday,4,2015-10-06
2015,10,07,729,Wednesday,4,2015-10-07
2015,10,08,730,Thursday,4,2015-10-08
2015,10,09,731,Friday,4,2015-10-09
2015,10,10,732,Saturday,4,2015-10-10
2015,10,11,733,Sunday,4,2015-10-11
2015,10,12,734,Monday,4,2015-10-12
2015,10,13,735,Tuesday,4,2015-10-13
2015,10,14,736,Wednesday,4,2015-10-14
2015,10,15,737,Thursday,4,2015-10-15
2015,10,16,738,Friday,4,2015-10-16
2015,10,17,739,Saturday,4,2015-10-17
2015,10,18,740,Sunday,4,2015-10-18
2015,10,19,741,Monday,4,2015-10-19
2015,10,20,742,Tuesday,4,2015-10-20
2015,10,21,743,Wednesday,4,2015-10-21
2015,10,22,744,Thursday,4,2015-10-22
2015,10,23,745,Friday,4,2015-10-23
2015,10,24,746,Saturday,4,2015-10-24
2015,10,25,747,Sunday,4,2015-10-25
2015,10,26,748,Monday,4,2015-10-26
2015,10,27,749,Tuesday,4,2015-10-27
2015,10,28,750,Wednesday,4,2015-10-28
2015,10,29,751,Thursday,4,2015-10-29
2015,10,30,752,Friday,4,2015-10-30
2015,10,31,753,Saturday,4,2015-10-31
2015,11,01,754,Sunday,4,2015-11-01
2015,11,02,755,Monday,4,2015-11-02
2015,11,03,756,Tuesday,4,2015-11-03
2015,11,04,757,Wednesday,4,2015-11-04
2015,11,05,758,Thursday,4,2015-11-05
2015,11,06,759,Friday,4,2015-11-06
2015,11,07,760,Saturday,4,2015-11-07
2015,11,08,761,Sunday,4,2015-11-08
2015,11,09,762,Monday,4,2015-11-09
2015,11,10,763,Tuesday,4,2015-11-10
2015,11,11,764,Wednesday,4,2015-11-11
2015,11,12,765,Thursday,4,2015-11-12
2015,11,13,766,Friday,4,2015-11-13
2015,11,14,767,Saturday,4,2015-11-14
2015,11,15,768,Sunday,4,2015-11-15
2015,11,16,769,Monday,4,2015-11-16
2015,11,17,770,Tuesday,4,2015-11-17
2015,11,18,771,Wednesday,4,2015-11-18
2015,11,19,772,Thursday,4,2015-11-19
2015,11,20,773,Friday,4,2015-11-20
2015,11,21,774,Saturday,4,2015-11-21
2015,11,22,775,Sunday,4,2015-11-22
2015,11,23,776,Monday,4,2015-11-23
2015,11,24,777,Tuesday,4,2015-11-24
2015,11,25,778,Wednesday,4,2015-11-25
2015,11,26,779,Thursday,4,2015-11-26
2015,11,27,780,Friday,4,2015-11-27
2015,11,28,781,Saturday,4,2015-11-28
2015,11,29,782,Sunday,4,2015-11-29
2015,11,30,783,Monday,4,2015-11-30
2015,12,01,784,Tuesday,4,2015-12-01
2015,12,02,785,Wednesday,4,2015-12-02
2015,12,03,786,Thursday,4,2015-12-03
2015,12,04,787,Friday,4,2015-12-04
2015,12,05,788,Saturday,4,2015-12-05
2015,12,06,789,Sunday,4,2015-12-06
2015,12,07,790,Monday,4,2015-12-07
2015,12,08,791,Tuesday,4,2015-12-08
2015,12,09,792,Wednesday,4,2015-12-09
2015,12,10,793,Thursday,4,2015-12-10
2015,12,11,794,Friday,4,2015-12-11
2015,12,12,795,Saturday,4,2015-12-12
2015,12,13,796,Sunday,4,2015-12-13
2015,12,14,797,Monday,4,2015-12-14
2015,12,15,798,Tuesday,4,2015-12-15
2015,12,16,799,Wednesday,4,2015-12-16
2015,12,17,800,Thursday,4,2015-12-17
2015,12,18,801,Friday,4,2015-12-18
2015,12,19,802,Saturday,4,2015-12-19
2015,12,20,803,Sunday,4,2015-12-20
2015,12,21,804,Monday,4,2015-12-21
2015,12,22,805,Tuesday,4,2015-12-22
2015,12,23,806,Wednesday,4,2015-12-23
2015,12,24,807,Thursday,4,2015-12-24
2015,12,25,808,Friday,4,2015-12-25
2015,12,26,809,Saturday,4,2015-12-26
2015,12,27,810,Sunday,4,2015-12-27
2015,12,28,811,Monday,4,2015-12-28
2015,12,29,812,Tuesday,4,2015-12-29
2015,12,30,813,Wednesday,4,2015-12-30
2015,12,31,814,Thursday,4,2015-12-31
2016,01,01,815,Friday,1,2016-01-01
2016,01,02,816,Saturday,1,2016-01-02
2016,01,03,817,Sunday,1,2016-01-03
2016,01,04,818,Monday,1,2016-01-04
2016,01,05,819,Tuesday,1,2016-01-05
2016,01,06,820,Wednesday,1,2016-01-06
2016,01,07,821,Thursday,1,2016-01-07
2016,01,08,822,Friday,1,2016-01-08
2016,01,09,823,Saturday,1,2016-01-09
2016,01,10,824,Sunday,1,2016-01-10
2016,01,11,825,Monday,1,2016-01-11
2016,01,12,826,Tuesday,1,2016-01-12
2016,01,13,827,Wednesday,1,2016-01-13
2016,01,14,828,Thursday,1,2016-01-14
2016,01,15,829,Friday,1,2016-01-15
2016,01,16,830,Saturday,1,2016-01-16
2016,01,17,831,Sunday,1,2016-01-17
2016,01,18,832,Monday,1,2016-01-18
2016,01,19,833,Tuesday,1,2016-01-19
2016,01,20,834,Wednesday,1,2016-01-20
2016,01,21,835,Thursday,1,2016-01-21
2016,01,22,836,Friday,1,2016-01-22
2016,01,23,837,Saturday,1,2016-01-23
2016,01,24,838,Sunday,1,2016-01-24
2016,01,25,839,Monday,1,2016-01-25
2016,01,26,840,Tuesday,1,2016-01-26
2016,01,27,841,Wednesday,1,2016-01-27
2016,01,28,842,Thursday,1,2016-01-28
2016,01,29,843,Friday,1,2016-01-29
2016,01,30,844,Saturday,1,2016-01-30
2016,01,31,845,Sunday,1,2016-01-31
2016,02,01,846,Monday,1,2016-02-01
2016,02,02,847,Tuesday,1,2016-02-02
2016,02,03,848,Wednesday,1,2016-02-03
2016,02,04,849,Thursday,1,2016-02-04
2016,02,05,850,Friday,1,2016-02-05
2016,02,06,851,Saturday,1,2016-02-06
2016,02,07,852,Sunday,1,2016-02-07
2016,02,08,853,Monday,1,2016-02-08
2016,02,09,854,Tuesday,1,2016-02-09
2016,02,10,855,Wednesday,1,2016-02-10
2016,02,11,856,Thursday,1,2016-02-11
2016,02,12,857,Friday,1,2016-02-12
2016,02,13,858,Saturday,1,2016-02-13
2016,02,14,859,Sunday,1,2016-02-14
2016,02,15,860,Monday,1,2016-02-15
2016,02,16,861,Tuesday,1,2016-02-16
2016,02,17,862,Wednesday,1,2016-02-17
2016,02,18,863,Thursday,1,2016-02-18
2016,02,19,864,Friday,1,2016-02-19
2016,02,20,865,Saturday,1,2016-02-20
2016,02,21,866,Sunday,1,2016-02-21
2016,02,22,867,Monday,1,2016-02-22
2016,02,23,868,Tuesday,1,2016-02-23
2016,02,24,869,Wednesday,1,2016-02-24
2016,02,25,870,Thursday,1,2016-02-25
2016,02,26,871,Friday,1,2016-02-26
2016,02,27,872,Saturday,1,2016-02-27
2016,02,28,873,Sunday,1,2016-02-28
2016,02,29,874,Monday,1,2016-02-29
2016,03,01,875,Tuesday,1,2016-03-01
2016,03,02,876,Wednesday,1,2016-03-02
2016,03,03,877,Thursday,1,2016-03-03
2016,03,04,878,Friday,1,2016-03-04
2016,03,05,879,Saturday,1,2016-03-05
2016,03,06,880,Sunday,1,2016-03-06
2016,03,07,881,Monday,1,2016-03-07
2016,03,08,882,Tuesday,1,2016-03-08
2016,03,09,883,Wednesday,1,2016-03-09
2016,03,10,884,Thursday,1,2016-03-10
2016,03,11,885,Friday,1,2016-03-11
2016,03,12,886,Saturday,1,2016-03-12
2016,03,13,887,Sunday,1,2016-03-13
2016,03,14,888,Monday,1,2016-03-14
2016,03,15,889,Tuesday,1,2016-03-15
2016,03,16,890,Wednesday,1,2016-03-16
2016,03,17,891,Thursday,1,2016-03-17
2016,03,18,892,Friday,1,2016-03-18
2016,03,19,893,Saturday,1,2016-03-19
2016,03,20,894,Sunday,1,2016-03-20
2016,03,21,895,Monday,1,2016-03-21
2016,03,22,896,Tuesday,1,2016-03-22
2016,03,23,897,Wednesday,1,2016-03-23
2016,03,24,898,Thursday,1,2016-03-24
2016,03,25,899,Friday,1,2016-03-25
2016,03,26,900,Saturday,1,2016-03-26
2016,03,27,901,Sunday,1,2016-03-27
2016,03,28,902,Monday,1,2016-03-28
2016,03,29,903,Tuesday,1,2016-03-29
2016,03,30,904,Wednesday,1,2016-03-30
2016,03,31,905,Thursday,1,2016-03-31
2016,04,01,906,Friday,2,2016-04-01
2016,04,02,907,Saturday,2,2016-04-02
2016,04,03,908,Sunday,2,2016-04-03
2016,04,04,909,Monday,2,2016-04-04
2016,04,05,910,Tuesday,2,2016-04-05
2016,04,06,911,Wednesday,2,2016-04-06
2016,04,07,912,Thursday,2,2016-04-07
2016,04,08,913,Friday,2,2016-04-08
2016,04,09,914,Saturday,2,2016-04-09
2016,04,10,915,Sunday,2,2016-04-10
2016,04,11,916,Monday,2,2016-04-11
2016,04,12,917,Tuesday,2,2016-04-12
2016,04,13,918,Wednesday,2,2016-04-13
2016,04,14,919,Thursday,2,2016-04-14
2016,04,15,920,Friday,2,2016-04-15
2016,04,16,921,Saturday,2,2016-04-16
2016,04,17,922,Sunday,2,2016-04-17
2016,04,18,923,Monday,2,2016-04-18
2016,04,19,924,Tuesday,2,2016-04-19
2016,04,20,925,Wednesday,2,2016-04-20
2016,04,21,926,Thursday,2,2016-04-21
2016,04,22,927,Friday,2,2016-04-22
2016,04,23,928,Saturday,2,2016-04-23
2016,04,24,929,Sunday,2,2016-04-24
2016,04,25,930,Monday,2,2016-04-25
2016,04,26,931,Tuesday,2,2016-04-26
2016,04,27,932,Wednesday,2,2016-04-27
2016,04,28,933,Thursday,2,2016-04-28
2016,04,29,934,Friday,2,2016-04-29
2016,04,30,935,Saturday,2,2016-04-30
2016,05,01,936,Sunday,2,2016-05-01
2016,05,02,937,Monday,2,2016-05-02
2016,05,03,938,Tuesday,2,2016-05-03
2016,05,04,939,Wednesday,2,2016-05-04
2016,05,05,940,Thursday,2,2016-05-05
2016,05,06,941,Friday,2,2016-05-06
2016,05,07,942,Saturday,2,2016-05-07
2016,05,08,943,Sunday,2,2016-05-08
2016,05,09,944,Monday,2,2016-05-09
2016,05,10,945,Tuesday,2,2016-05-10
2016,05,11,946,Wednesday,2,2016-05-11
2016,05,12,947,Thursday,2,2016-05-12
2016,05,13,948,Friday,2,2016-05-13
2016,05,14,949,Saturday,2,2016-05-14
2016,05,15,950,Sunday,2,2016-05-15
2016,05,16,951,Monday,2,2016-05-16
2016,05,17,952,Tuesday,2,2016-05-17
2016,05,18,953,Wednesday,2,2016-05-18
2016,05,19,954,Thursday,2,2016-05-19
2016,05,20,955,Friday,2,2016-05-20
2016,05,21,956,Saturday,2,2016-05-21
2016,05,22,957,Sunday,2,2016-05-22
2016,05,23,958,Monday,2,2016-05-23
2016,05,24,959,Tuesday,2,2016-05-24
2016,05,25,960,Wednesday,2,2016-05-25
2016,05,26,961,Thursday,2,2016-05-26
2016,05,27,962,Friday,2,2016-05-27
2016,05,28,963,Saturday,2,2016-05-28
2016,05,29,964,Sunday,2,2016-05-29
2016,05,30,965,Monday,2,2016-05-30
2016,05,31,966,Tuesday,2,2016-05-31
2016,06,01,967,Wednesday,2,2016-06-01
2016,06,02,968,Thursday,2,2016-06-02
2016,06,03,969,Friday,2,2016-06-03
2016,06,04,970,Saturday,2,2016-06-04
2016,06,05,971,Sunday,2,2016-06-05
2016,06,06,972,Monday,2,2016-06-06
2016,06,07,973,Tuesday,2,2016-06-07
2016,06,08,974,Wednesday,2,2016-06-08
2016,06,09,975,Thursday,2,2016-06-09
2016,06,10,976,Friday,2,2016-06-10
2016,06,11,977,Saturday,2,2016-06-11
2016,06,12,978,Sunday,2,2016-06-12
2016,06,13,979,Monday,2,2016-06-13
2016,06,14,980,Tuesday,2,2016-06-14
2016,06,15,981,Wednesday,2,2016-06-15
2016,06,16,982,Thursday,2,2016-06-16
2016,06,18,983,Saturday,2,2016-06-18
2016,06,19,984,Sunday,2,2016-06-19
2016,06,20,985,Monday,2,2016-06-20
2016,06,21,986,Tuesday,2,2016-06-21
2016,06,22,987,Wednesday,2,2016-06-22
2016,06,23,988,Thursday,2,2016-06-23
2016,06,24,989,Friday,2,2016-06-24
2016,06,25,990,Saturday,2,2016-06-25
2016,06,26,991,Sunday,2,2016-06-26
2016,06,27,992,Monday,2,2016-06-27
2016,06,28,993,Tuesday,2,2016-06-28
2016,06,29,994,Wednesday,2,2016-06-29
2016,06,30,995,Thursday,2,2016-06-30
2016,07,01,996,Friday,3,2016-07-01
2016,07,02,997,Saturday,3,2016-07-02
2016,07,03,998,Sunday,3,2016-07-03
2016,07,04,999,Monday,3,2016-07-04
2016,07,05,1000,Tuesday,3,2016-07-05
2016,07,06,1001,Wednesday,3,2016-07-06
2016,07,07,1002,Thursday,3,2016-07-07
2016,07,08,1003,Friday,3,2016-07-08
2016,07,09,1004,Saturday,3,2016-07-09
2016,07,10,1005,Sunday,3,2016-07-10
2016,07,11,1006,Monday,3,2016-07-11
2016,07,12,1007,Tuesday,3,2016-07-12
2016,07,13,1008,Wednesday,3,2016-07-13
2016,07,14,1009,Thursday,3,2016-07-14
2016,07,15,1010,Friday,3,2016-07-15
2016,07,16,1011,Saturday,3,2016-07-16
2016,07,17,1012,Sunday,3,2016-07-17
2016,07,18,1013,Monday,3,2016-07-18
2016,07,19,1014,Tuesday,3,2016-07-19
2016,07,20,1015,Wednesday,3,2016-07-20
2016,07,21,1016,Thursday,3,2016-07-21
2016,07,22,1017,Friday,3,2016-07-22
2016,07,23,1018,Saturday,3,2016-07-23
2016,07,24,1019,Sunday,3,2016-07-24
2016,07,25,1020,Monday,3,2016-07-25
2016,07,26,1021,Tuesday,3,2016-07-26
2016,07,27,1022,Wednesday,3,2016-07-27
2016,07,28,1023,Thursday,3,2016-07-28
2016,07,29,1024,Friday,3,2016-07-29
2016,07,30,1025,Saturday,3,2016-07-30
2016,07,31,1026,Sunday,3,2016-07-31
2016,08,01,1027,Monday,3,2016-08-01
2016,08,02,1028,Tuesday,3,2016-08-02
2016,08,03,1029,Wednesday,3,2016-08-03
2016,08,04,1030,Thursday,3,2016-08-04
2016,08,05,1031,Friday,3,2016-08-05
2016,08,06,1032,Saturday,3,2016-08-06
2016,08,07,1033,Sunday,3,2016-08-07
2016,08,08,1034,Monday,3,2016-08-08
2016,08,09,1035,Tuesday,3,2016-08-09
2016,08,10,1036,Wednesday,3,2016-08-10
2016,08,11,1037,Thursday,3,2016-08-11
2016,08,12,1038,Friday,3,2016-08-12
2016,08,13,1039,Saturday,3,2016-08-13
2016,08,14,1040,Sunday,3,2016-08-14
2016,08,15,1041,Monday,3,2016-08-15
2016,08,16,1042,Tuesday,3,2016-08-16
2016,08,17,1043,Wednesday,3,2016-08-17
2016,08,18,1044,Thursday,3,2016-08-18
2016,08,19,1045,Friday,3,2016-08-19
2016,08,20,1046,Saturday,3,2016-08-20
2016,08,21,1047,Sunday,3,2016-08-21
2016,08,22,1048,Monday,3,2016-08-22
2016,08,23,1049,Tuesday,3,2016-08-23
2016,08,24,1050,Wednesday,3,2016-08-24
2016,08,25,1051,Thursday,3,2016-08-25
2016,08,26,1052,Friday,3,2016-08-26
2016,08,27,1053,Saturday,3,2016-08-27
2016,08,28,1054,Sunday,3,2016-08-28
2016,08,29,1055,Monday,3,2016-08-29
2016,08,30,1056,Tuesday,3,2016-08-30
2016,08,31,1057,Wednesday,3,2016-08-31
2016,09,01,1058,Thursday,3,2016-09-01
2016,09,02,1059,Friday,3,2016-09-02
2016,09,03,1060,Saturday,3,2016-09-03
2016,09,04,1061,Sunday,3,2016-09-04
2016,09,05,1062,Monday,3,2016-09-05
2016,09,06,1063,Tuesday,3,2016-09-06
2016,09,07,1064,Wednesday,3,2016-09-07
2016,09,08,1065,Thursday,3,2016-09-08
2016,09,09,1066,Friday,3,2016-09-09
2016,09,10,1067,Saturday,3,2016-09-10
2016,09,11,1068,Sunday,3,2016-09-11
2016,09,12,1069,Monday,3,2016-09-12
2016,09,13,1070,Tuesday,3,2016-09-13
2016,09,14,1071,Wednesday,3,2016-09-14
2016,09,15,1072,Thursday,3,2016-09-15
2016,09,16,1073,Friday,3,2016-09-16
2016,09,17,1074,Saturday,3,2016-09-17
2016,09,18,1075,Sunday,3,2016-09-18
2016,09,19,1076,Monday,3,2016-09-19
2016,09,20,1077,Tuesday,3,2016-09-20
2016,09,21,1078,Wednesday,3,2016-09-21
2016,09,22,1079,Thursday,3,2016-09-22
2016,09,23,1080,Friday,3,2016-09-23
2016,09,24,1081,Saturday,3,2016-09-24
2016,09,25,1082,Sunday,3,2016-09-25
2016,09,26,1083,Monday,3,2016-09-26
2016,09,27,1084,Tuesday,3,2016-09-27
2016,09,28,1085,Wednesday,3,2016-09-28
2016,09,29,1086,Thursday,3,2016-09-29
2016,09,30,1087,Friday,3,2016-09-30
2016,10,01,1088,Saturday,4,2016-10-01
2016,10,02,1089,Sunday,4,2016-10-02
2016,10,03,1090,Monday,4,2016-10-03
2016,10,04,1091,Tuesday,4,2016-10-04
2016,10,05,1092,Wednesday,4,2016-10-05
2016,10,06,1093,Thursday,4,2016-10-06
2016,10,07,1094,Friday,4,2016-10-07
2016,10,08,1095,Saturday,4,2016-10-08
2016,10,09,1096,Sunday,4,2016-10-09
2016,10,10,1097,Monday,4,2016-10-10
2016,10,11,1098,Tuesday,4,2016-10-11
2016,10,12,1099,Wednesday,4,2016-10-12
2016,10,13,1100,Thursday,4,2016-10-13
2016,10,14,1101,Friday,4,2016-10-14
2016,10,15,1102,Saturday,4,2016-10-15
2016,10,16,1103,Sunday,4,2016-10-16
2016,10,17,1104,Monday,4,2016-10-17
2016,10,18,1105,Tuesday,4,2016-10-18
2016,10,19,1106,Wednesday,4,2016-10-19
2016,10,20,1107,Thursday,4,2016-10-20
2016,10,21,1108,Friday,4,2016-10-21
2016,10,22,1109,Saturday,4,2016-10-22
2016,10,23,1110,Sunday,4,2016-10-23
2016,10,24,1111,Monday,4,2016-10-24
2016,10,25,1112,Tuesday,4,2016-10-25
2016,10,26,1113,Wednesday,4,2016-10-26
2016,10,27,1114,Thursday,4,2016-10-27
2016,10,28,1115,Friday,4,2016-10-28
2016,10,29,1116,Saturday,4,2016-10-29
2016,10,30,1117,Sunday,4,2016-10-30
2016,10,31,1118,Monday,4,2016-10-31
2016,11,01,1119,Tuesday,4,2016-11-01
2016,11,02,1120,Wednesday,4,2016-11-02
2016,11,03,1121,Thursday,4,2016-11-03
2016,11,04,1122,Friday,4,2016-11-04
2016,11,05,1123,Saturday,4,2016-11-05
2016,11,06,1124,Sunday,4,2016-11-06
2016,11,07,1125,Monday,4,2016-11-07
2016,11,08,1126,Tuesday,4,2016-11-08
2016,11,09,1127,Wednesday,4,2016-11-09
2016,11,10,1128,Thursday,4,2016-11-10
2016,11,11,1129,Friday,4,2016-11-11
2016,11,12,1130,Saturday,4,2016-11-12
2016,11,13,1131,Sunday,4,2016-11-13
2016,11,14,1132,Monday,4,2016-11-14
2016,11,15,1133,Tuesday,4,2016-11-15
2016,11,16,1134,Wednesday,4,2016-11-16
2016,11,17,1135,Thursday,4,2016-11-17
2016,11,18,1136,Friday,4,2016-11-18
2016,11,19,1137,Saturday,4,2016-11-19
2016,11,20,1138,Sunday,4,2016-11-20
2016,11,21,1139,Monday,4,2016-11-21
2016,11,22,1140,Tuesday,4,2016-11-22
2016,11,23,1141,Wednesday,4,2016-11-23
2016,11,24,1142,Thursday,4,2016-11-24
2016,11,25,1143,Friday,4,2016-11-25
2016,11,26,1144,Saturday,4,2016-11-26
2016,11,27,1145,Sunday,4,2016-11-27
2016,11,28,1146,Monday,4,2016-11-28
2016,11,29,1147,Tuesday,4,2016-11-29
2016,11,30,1148,Wednesday,4,2016-11-30
2016,12,01,1149,Thursday,4,2016-12-01
2016,12,02,1150,Friday,4,2016-12-02
2016,12,03,1151,Saturday,4,2016-12-03
2016,12,04,1152,Sunday,4,2016-12-04
2016,12,05,1153,Monday,4,2016-12-05
2016,12,06,1154,Tuesday,4,2016-12-06
2016,12,07,1155,Wednesday,4,2016-12-07
2016,12,08,1156,Thursday,4,2016-12-08
2016,12,09,1157,Friday,4,2016-12-09
2016,12,10,1158,Saturday,4,2016-12-10
2016,12,11,1159,Sunday,4,2016-12-11
2016,12,12,1160,Monday,4,2016-12-12
2016,12,13,1161,Tuesday,4,2016-12-13
2016,12,14,1162,Wednesday,4,2016-12-14
2016,12,15,1163,Thursday,4,2016-12-15
2016,12,16,1164,Friday,4,2016-12-16
2016,12,17,1165,Saturday,4,2016-12-17
2016,12,18,1166,Sunday,4,2016-12-18
2016,12,19,1167,Monday,4,2016-12-19
2016,12,20,1168,Tuesday,4,2016-12-20
2016,12,21,1169,Wednesday,4,2016-12-21
2016,12,22,1170,Thursday,4,2016-12-22
2016,12,23,1171,Friday,4,2016-12-23
2016,12,24,1172,Saturday,4,2016-12-24
2016,12,25,1173,Sunday,4,2016-12-25
2016,12,26,1174,Monday,4,2016-12-26
2016,12,27,1175,Tuesday,4,2016-12-27
2016,12,28,1176,Wednesday,4,2016-12-28
2016,12,29,1177,Thursday,4,2016-12-29
2016,12,30,1178,Friday,4,2016-12-30
2016,12,31,1179,Saturday,4,2016-12-31
2017,01,01,1180,Sunday,1,2017-01-01
2017,01,02,1181,Monday,1,2017-01-02
2017,01,03,1182,Tuesday,1,2017-01-03
2017,01,04,1183,Wednesday,1,2017-01-04
2017,01,05,1184,Thursday,1,2017-01-05
2017,01,06,1185,Friday,1,2017-01-06
2017,01,07,1186,Saturday,1,2017-01-07
2017,01,08,1187,Sunday,1,2017-01-08
2017,01,09,1188,Monday,1,2017-01-09
2017,01,10,1189,Tuesday,1,2017-01-10
2017,01,11,1190,Wednesday,1,2017-01-11
2017,01,12,1191,Thursday,1,2017-01-12
2017,01,13,1192,Friday,1,2017-01-13
2017,01,14,1193,Saturday,1,2017-01-14
2017,01,15,1194,Sunday,1,2017-01-15
2017,01,16,1195,Monday,1,2017-01-16
2017,01,17,1196,Tuesday,1,2017-01-17
2017,01,18,1197,Wednesday,1,2017-01-18
2017,01,19,1198,Thursday,1,2017-01-19
2017,01,20,1199,Friday,1,2017-01-20
2017,01,21,1200,Saturday,1,2017-01-21
2017,01,22,1201,Sunday,1,2017-01-22
2017,01,23,1202,Monday,1,2017-01-23
2017,01,25,1203,Wednesday,1,2017-01-25
2017,01,26,1204,Thursday,1,2017-01-26
2017,01,27,1205,Friday,1,2017-01-27
2017,01,28,1206,Saturday,1,2017-01-28
2017,01,29,1207,Sunday,1,2017-01-29
2017,01,30,1208,Monday,1,2017-01-30
2017,01,31,1209,Tuesday,1,2017-01-31
2017,02,01,1210,Wednesday,1,2017-02-01
2017,02,02,1211,Thursday,1,2017-02-02
2017,02,03,1212,Friday,1,2017-02-03
2017,02,04,1213,Saturday,1,2017-02-04
2017,02,05,1214,Sunday,1,2017-02-05
2017,02,06,1215,Monday,1,2017-02-06
2017,02,07,1216,Tuesday,1,2017-02-07
2017,02,08,1217,Wednesday,1,2017-02-08
2017,02,09,1218,Thursday,1,2017-02-09
2017,02,10,1219,Friday,1,2017-02-10
2017,02,11,1220,Saturday,1,2017-02-11
2017,02,12,1221,Sunday,1,2017-02-12
2017,02,13,1222,Monday,1,2017-02-13
2017,02,14,1223,Tuesday,1,2017-02-14
2017,02,15,1224,Wednesday,1,2017-02-15
2017,02,16,1225,Thursday,1,2017-02-16
2017,02,17,1226,Friday,1,2017-02-17
2017,02,18,1227,Saturday,1,2017-02-18
2017,02,19,1228,Sunday,1,2017-02-19
2017,02,20,1229,Monday,1,2017-02-20
2017,02,21,1230,Tuesday,1,2017-02-21
2017,02,22,1231,Wednesday,1,2017-02-22
2017,02,23,1232,Thursday,1,2017-02-23
2017,02,24,1233,Friday,1,2017-02-24
2017,02,25,1234,Saturday,1,2017-02-25
2017,02,26,1235,Sunday,1,2017-02-26
2017,02,27,1236,Monday,1,2017-02-27
2017,02,28,1237,Tuesday,1,2017-02-28
2017,03,01,1238,Wednesday,1,2017-03-01
2017,03,02,1239,Thursday,1,2017-03-02
2017,03,03,1240,Friday,1,2017-03-03
2017,03,04,1241,Saturday,1,2017-03-04
2017,03,05,1242,Sunday,1,2017-03-05
2017,03,06,1243,Monday,1,2017-03-06
2017,03,07,1244,Tuesday,1,2017-03-07
2017,03,08,1245,Wednesday,1,2017-03-08
2017,03,09,1246,Thursday,1,2017-03-09
2017,03,10,1247,Friday,1,2017-03-10
2017,03,11,1248,Saturday,1,2017-03-11
2017,03,12,1249,Sunday,1,2017-03-12
2017,03,13,1250,Monday,1,2017-03-13
2017,03,14,1251,Tuesday,1,2017-03-14
2017,03,15,1252,Wednesday,1,2017-03-15
2017,03,16,1253,Thursday,1,2017-03-16
2017,03,17,1254,Friday,1,2017-03-17
2017,03,18,1255,Saturday,1,2017-03-18
2017,03,19,1256,Sunday,1,2017-03-19
2017,03,20,1257,Monday,1,2017-03-20
2017,03,21,1258,Tuesday,1,2017-03-21
2017,03,22,1259,Wednesday,1,2017-03-22
2017,03,23,1260,Thursday,1,2017-03-23
2017,03,24,1261,Friday,1,2017-03-24
2017,03,25,1262,Saturday,1,2017-03-25
2017,03,26,1263,Sunday,1,2017-03-26
2017,03,27,1264,Monday,1,2017-03-27
2017,03,28,1265,Tuesday,1,2017-03-28
2017,03,29,1266,Wednesday,1,2017-03-29
2017,03,30,1267,Thursday,1,2017-03-30
2017,03,31,1268,Friday,1,2017-03-31
2017,04,01,1269,Saturday,2,2017-04-01
2017,04,02,1270,Sunday,2,2017-04-02
2017,04,03,1271,Monday,2,2017-04-03
2017,04,04,1272,Tuesday,2,2017-04-04
2017,04,05,1273,Wednesday,2,2017-04-05
2017,04,06,1274,Thursday,2,2017-04-06
2017,04,07,1275,Friday,2,2017-04-07
2017,04,08,1276,Saturday,2,2017-04-08
2017,04,09,1277,Sunday,2,2017-04-09
2017,04,10,1278,Monday,2,2017-04-10
2017,04,11,1279,Tuesday,2,2017-04-11
2017,04,12,1280,Wednesday,2,2017-04-12
2017,04,13,1281,Thursday,2,2017-04-13
2017,04,14,1282,Friday,2,2017-04-14
2017,04,15,1283,Saturday,2,2017-04-15
2017,04,16,1284,Sunday,2,2017-04-16
2017,04,17,1285,Monday,2,2017-04-17
2017,04,18,1286,Tuesday,2,2017-04-18
2017,04,19,1287,Wednesday,2,2017-04-19
2017,04,20,1288,Thursday,2,2017-04-20
2017,04,21,1289,Friday,2,2017-04-21
2017,04,22,1290,Saturday,2,2017-04-22
2017,04,23,1291,Sunday,2,2017-04-23
2017,04,24,1292,Monday,2,2017-04-24
2017,04,25,1293,Tuesday,2,2017-04-25
2017,04,26,1294,Wednesday,2,2017-04-26
2017,04,27,1295,Thursday,2,2017-04-27
2017,04,28,1296,Friday,2,2017-04-28
2017,04,29,1297,Saturday,2,2017-04-29
2017,04,30,1298,Sunday,2,2017-04-30
2017,05,01,1299,Monday,2,2017-05-01
2017,05,02,1300,Tuesday,2,2017-05-02
2017,05,03,1301,Wednesday,2,2017-05-03
2017,05,04,1302,Thursday,2,2017-05-04
2017,05,05,1303,Friday,2,2017-05-05
2017,05,06,1304,Saturday,2,2017-05-06
2017,05,07,1305,Sunday,2,2017-05-07
2017,05,08,1306,Monday,2,2017-05-08
2017,05,09,1307,Tuesday,2,2017-05-09
2017,05,10,1308,Wednesday,2,2017-05-10
2017,05,11,1309,Thursday,2,2017-05-11
2017,05,12,1310,Friday,2,2017-05-12
2017,05,13,1311,Saturday,2,2017-05-13
2017,05,14,1312,Sunday,2,2017-05-14
2017,05,15,1313,Monday,2,2017-05-15
2017,05,16,1314,Tuesday,2,2017-05-16
2017,05,17,1315,Wednesday,2,2017-05-17
2017,05,18,1316,Thursday,2,2017-05-18
2017,05,19,1317,Friday,2,2017-05-19
2017,05,20,1318,Saturday,2,2017-05-20
2017,05,21,1319,Sunday,2,2017-05-21
2017,05,22,1320,Monday,2,2017-05-22
2017,05,23,1321,Tuesday,2,2017-05-23
2017,05,24,1322,Wednesday,2,2017-05-24
2017,05,25,1323,Thursday,2,2017-05-25
2017,05,26,1324,Friday,2,2017-05-26
2017,05,27,1325,Saturday,2,2017-05-27
2017,05,28,1326,Sunday,2,2017-05-28
2017,05,29,1327,Monday,2,2017-05-29
2017,05,30,1328,Tuesday,2,2017-05-30
2017,05,31,1329,Wednesday,2,2017-05-31
2017,06,01,1330,Thursday,2,2017-06-01
2017,06,02,1331,Friday,2,2017-06-02
2017,06,03,1332,Saturday,2,2017-06-03
2017,06,04,1333,Sunday,2,2017-06-04
2017,06,05,1334,Monday,2,2017-06-05
2017,06,06,1335,Tuesday,2,2017-06-06
2017,06,07,1336,Wednesday,2,2017-06-07
2017,06,08,1337,Thursday,2,2017-06-08
2017,06,09,1338,Friday,2,2017-06-09
2017,06,10,1339,Saturday,2,2017-06-10
2017,06,11,1340,Sunday,2,2017-06-11
2017,06,12,1341,Monday,2,2017-06-12
2017,06,13,1342,Tuesday,2,2017-06-13
2017,06,14,1343,Wednesday,2,2017-06-14
2017,06,15,1344,Thursday,2,2017-06-15
2017,06,16,1345,Friday,2,2017-06-16
2017,06,17,1346,Saturday,2,2017-06-17
2017,06,18,1347,Sunday,2,2017-06-18
2017,06,19,1348,Monday,2,2017-06-19
2017,06,20,1349,Tuesday,2,2017-06-20
2017,06,21,1350,Wednesday,2,2017-06-21
2017,06,22,1351,Thursday,2,2017-06-22
2017,06,23,1352,Friday,2,2017-06-23
2017,06,24,1353,Saturday,2,2017-06-24
2017,06,25,1354,Sunday,2,2017-06-25
2017,06,26,1355,Monday,2,2017-06-26
2017,06,27,1356,Tuesday,2,2017-06-27
2017,06,28,1357,Wednesday,2,2017-06-28
2017,06,29,1358,Thursday,2,2017-06-29
2017,06,30,1359,Friday,2,2017-06-30
2017,07,01,1360,Saturday,3,2017-07-01
2017,07,02,1361,Sunday,3,2017-07-02
2017,07,03,1362,Monday,3,2017-07-03
2017,07,04,1363,Tuesday,3,2017-07-04
2017,07,05,1364,Wednesday,3,2017-07-05
2017,07,06,1365,Thursday,3,2017-07-06
2017,07,07,1366,Friday,3,2017-07-07
2017,07,08,1367,Saturday,3,2017-07-08
2017,07,09,1368,Sunday,3,2017-07-09
2017,07,10,1369,Monday,3,2017-07-10
2017,07,11,1370,Tuesday,3,2017-07-11
2017,07,12,1371,Wednesday,3,2017-07-12
2017,07,13,1372,Thursday,3,2017-07-13
2017,07,14,1373,Friday,3,2017-07-14
2017,07,15,1374,Saturday,3,2017-07-15
2017,07,16,1375,Sunday,3,2017-07-16
2017,07,17,1376,Monday,3,2017-07-17
2017,07,18,1377,Tuesday,3,2017-07-18
2017,07,19,1378,Wednesday,3,2017-07-19
2017,07,20,1379,Thursday,3,2017-07-20
2017,07,21,1380,Friday,3,2017-07-21
2017,07,22,1381,Saturday,3,2017-07-22
2017,07,23,1382,Sunday,3,2017-07-23
2017,07,24,1383,Monday,3,2017-07-24
2017,07,25,1384,Tuesday,3,2017-07-25
2017,07,26,1385,Wednesday,3,2017-07-26
2017,07,27,1386,Thursday,3,2017-07-27
2017,07,28,1387,Friday,3,2017-07-28
2017,07,29,1388,Saturday,3,2017-07-29
2017,07,30,1389,Sunday,3,2017-07-30
2017,07,31,1390,Monday,3,2017-07-31
2017,08,01,1391,Tuesday,3,2017-08-01
2017,08,02,1392,Wednesday,3,2017-08-02
2017,08,03,1393,Thursday,3,2017-08-03
2017,08,04,1394,Friday,3,2017-08-04
2017,08,05,1395,Saturday,3,2017-08-05
2017,08,06,1396,Sunday,3,2017-08-06
2017,08,07,1397,Monday,3,2017-08-07
2017,08,08,1398,Tuesday,3,2017-08-08
2017,08,09,1399,Wednesday,3,2017-08-09
2017,08,10,1400,Thursday,3,2017-08-10
2017,08,11,1401,Friday,3,2017-08-11
2017,08,12,1402,Saturday,3,2017-08-12
2017,08,13,1403,Sunday,3,2017-08-13
2017,08,14,1404,Monday,3,2017-08-14
2017,08,15,1405,Tuesday,3,2017-08-15
2017,08,16,1406,Wednesday,3,2017-08-16
2017,08,17,1407,Thursday,3,2017-08-17
2017,08,18,1408,Friday,3,2017-08-18
2017,08,19,1409,Saturday,3,2017-08-19
2017,08,20,1410,Sunday,3,2017-08-20
2017,08,21,1411,Monday,3,2017-08-21
2017,08,22,1412,Tuesday,3,2017-08-22
2017,08,23,1413,Wednesday,3,2017-08-23
2017,08,24,1414,Thursday,3,2017-08-24
2017,08,25,1415,Friday,3,2017-08-25
2017,08,26,1416,Saturday,3,2017-08-26
2017,08,27,1417,Sunday,3,2017-08-27
2017,08,28,1418,Monday,3,2017-08-28
2017,08,29,1419,Tuesday,3,2017-08-29
2017,08,30,1420,Wednesday,3,2017-08-30
2017,08,31,1421,Thursday,3,2017-08-31
2017,09,01,1422,Friday,3,2017-09-01
2017,09,02,1423,Saturday,3,2017-09-02
2017,09,03,1424,Sunday,3,2017-09-03
2017,09,04,1425,Monday,3,2017-09-04
2017,09,05,1426,Tuesday,3,2017-09-05
2017,09,06,1427,Wednesday,3,2017-09-06
2017,09,07,1428,Thursday,3,2017-09-07
2017,09,08,1429,Friday,3,2017-09-08
2017,09,09,1430,Saturday,3,2017-09-09
2017,09,10,1431,Sunday,3,2017-09-10
2017,09,11,1432,Monday,3,2017-09-11
2017,09,12,1433,Tuesday,3,2017-09-12
2017,09,13,1434,Wednesday,3,2017-09-13
2017,09,14,1435,Thursday,3,2017-09-14
2017,09,15,1436,Friday,3,2017-09-15
2017,09,16,1437,Saturday,3,2017-09-16
2017,09,17,1438,Sunday,3,2017-09-17
2017,09,18,1439,Monday,3,2017-09-18
2017,09,19,1440,Tuesday,3,2017-09-19
2017,09,20,1441,Wednesday,3,2017-09-20
2017,09,21,1442,Thursday,3,2017-09-21
2017,09,22,1443,Friday,3,2017-09-22
2017,09,23,1444,Saturday,3,2017-09-23
2017,09,24,1445,Sunday,3,2017-09-24
2017,09,25,1446,Monday,3,2017-09-25
2017,09,26,1447,Tuesday,3,2017-09-26
2017,09,27,1448,Wednesday,3,2017-09-27
2017,09,28,1449,Thursday,3,2017-09-28
2017,09,29,1450,Friday,3,2017-09-29
2017,09,30,1451,Saturday,3,2017-09-30
2017,10,01,1452,Sunday,4,2017-10-01
2017,10,02,1453,Monday,4,2017-10-02
2017,10,03,1454,Tuesday,4,2017-10-03
2017,10,04,1455,Wednesday,4,2017-10-04
2017,10,05,1456,Thursday,4,2017-10-05
2017,10,06,1457,Friday,4,2017-10-06
2017,10,07,1458,Saturday,4,2017-10-07
2017,10,08,1459,Sunday,4,2017-10-08
2017,10,09,1460,Monday,4,2017-10-09
2017,10,10,1461,Tuesday,4,2017-10-10
2017,10,11,1462,Wednesday,4,2017-10-11
2017,10,12,1463,Thursday,4,2017-10-12
2017,10,13,1464,Friday,4,2017-10-13
2017,10,14,1465,Saturday,4,2017-10-14
2017,10,15,1466,Sunday,4,2017-10-15
2017,10,16,1467,Monday,4,2017-10-16
2017,10,17,1468,Tuesday,4,2017-10-17
2017,10,18,1469,Wednesday,4,2017-10-18
2017,10,19,1470,Thursday,4,2017-10-19
2017,10,20,1471,Friday,4,2017-10-20
2017,10,21,1472,Saturday,4,2017-10-21
2017,10,22,1473,Sunday,4,2017-10-22
2017,10,23,1474,Monday,4,2017-10-23
2017,10,24,1475,Tuesday,4,2017-10-24
2017,10,25,1476,Wednesday,4,2017-10-25
2017,10,26,1477,Thursday,4,2017-10-26
2017,10,27,1478,Friday,4,2017-10-27
2017,10,28,1479,Saturday,4,2017-10-28
2017,10,29,1480,Sunday,4,2017-10-29
2017,10,30,1481,Monday,4,2017-10-30
2017,10,31,1482,Tuesday,4,2017-10-31
2017,11,01,1483,Wednesday,4,2017-11-01
2017,11,02,1484,Thursday,4,2017-11-02
2017,11,03,1485,Friday,4,2017-11-03
2017,11,04,1486,Saturday,4,2017-11-04
2017,11,05,1487,Sunday,4,2017-11-05
2017,11,06,1488,Monday,4,2017-11-06
2017,11,07,1489,Tuesday,4,2017-11-07
2017,11,08,1490,Wednesday,4,2017-11-08
2017,11,09,1491,Thursday,4,2017-11-09
2017,11,10,1492,Friday,4,2017-11-10
2017,11,11,1493,Saturday,4,2017-11-11
2017,11,12,1494,Sunday,4,2017-11-12
2017,11,13,1495,Monday,4,2017-11-13
2017,11,14,1496,Tuesday,4,2017-11-14
2017,11,15,1497,Wednesday,4,2017-11-15
2017,11,16,1498,Thursday,4,2017-11-16
2017,11,17,1499,Friday,4,2017-11-17
2017,11,18,1500,Saturday,4,2017-11-18
2017,11,19,1501,Sunday,4,2017-11-19
2017,11,20,1502,Monday,4,2017-11-20
2017,11,21,1503,Tuesday,4,2017-11-21
2017,11,22,1504,Wednesday,4,2017-11-22
2017,11,23,1505,Thursday,4,2017-11-23
2017,11,24,1506,Friday,4,2017-11-24
2017,11,25,1507,Saturday,4,2017-11-25
2017,11,26,1508,Sunday,4,2017-11-26
2017,11,27,1509,Monday,4,2017-11-27
2017,11,28,1510,Tuesday,4,2017-11-28
2017,11,29,1511,Wednesday,4,2017-11-29
2017,11,30,1512,Thursday,4,2017-11-30
2017,12,01,1513,Friday,4,2017-12-01
2017,12,02,1514,Saturday,4,2017-12-02
2017,12,03,1515,Sunday,4,2017-12-03
2017,12,04,1516,Monday,4,2017-12-04
2017,12,05,1517,Tuesday,4,2017-12-05
2017,12,06,1518,Wednesday,4,2017-12-06
2017,12,07,1519,Thursday,4,2017-12-07
2017,12,08,1520,Friday,4,2017-12-08
2017,12,09,1521,Saturday,4,2017-12-09
2017,12,10,1522,Sunday,4,2017-12-10
2017,12,11,1523,Monday,4,2017-12-11
2017,12,12,1524,Tuesday,4,2017-12-12
2017,12,13,1525,Wednesday,4,2017-12-13
2017,12,14,1526,Thursday,4,2017-12-14
2017,12,15,1527,Friday,4,2017-12-15
2017,12,16,1528,Saturday,4,2017-12-16
2017,12,17,1529,Sunday,4,2017-12-17
2017,12,18,1530,Monday,4,2017-12-18
2017,12,19,1531,Tuesday,4,2017-12-19
2017,12,20,1532,Wednesday,4,2017-12-20
2017,12,21,1533,Thursday,4,2017-12-21
2017,12,22,1534,Friday,4,2017-12-22
2017,12,23,1535,Saturday,4,2017-12-23
2017,12,24,1536,Sunday,4,2017-12-24
2017,12,25,1537,Monday,4,2017-12-25
2017,12,26,1538,Tuesday,4,2017-12-26
2017,12,27,1539,Wednesday,4,2017-12-27
2017,12,28,1540,Thursday,4,2017-12-28
2017,12,29,1541,Friday,4,2017-12-29
2017,12,30,1542,Saturday,4,2017-12-30
2017,12,31,1543,Sunday,4,2017-12-31
2018,01,01,1544,Monday,1,2018-01-01
2018,01,02,1545,Tuesday,1,2018-01-02
2018,01,03,1546,Wednesday,1,2018-01-03
2018,01,04,1547,Thursday,1,2018-01-04
2018,01,05,1548,Friday,1,2018-01-05
2018,01,06,1549,Saturday,1,2018-01-06
2018,01,07,1550,Sunday,1,2018-01-07
2018,01,08,1551,Monday,1,2018-01-08
2018,01,09,1552,Tuesday,1,2018-01-09
2018,01,10,1553,Wednesday,1,2018-01-10
2018,01,11,1554,Thursday,1,2018-01-11
2018,01,12,1555,Friday,1,2018-01-12
2018,01,13,1556,Saturday,1,2018-01-13
2018,01,14,1557,Sunday,1,2018-01-14
2018,01,15,1558,Monday,1,2018-01-15
2018,01,16,1559,Tuesday,1,2018-01-16
2018,01,17,1560,Wednesday,1,2018-01-17
2018,01,18,1561,Thursday,1,2018-01-18
2018,01,19,1562,Friday,1,2018-01-19
2018,01,20,1563,Saturday,1,2018-01-20
2018,01,21,1564,Sunday,1,2018-01-21
2018,01,22,1565,Monday,1,2018-01-22
2018,01,23,1566,Tuesday,1,2018-01-23
2018,01,24,1567,Wednesday,1,2018-01-24
2018,01,25,1568,Thursday,1,2018-01-25
2018,01,26,1569,Friday,1,2018-01-26
2018,01,27,1570,Saturday,1,2018-01-27
2018,01,28,1571,Sunday,1,2018-01-28
2018,01,29,1572,Monday,1,2018-01-29
2018,01,30,1573,Tuesday,1,2018-01-30
2018,01,31,1574,Wednesday,1,2018-01-31
2018,02,01,1575,Thursday,1,2018-02-01
2018,02,02,1576,Friday,1,2018-02-02
2018,02,03,1577,Saturday,1,2018-02-03
2018,02,04,1578,Sunday,1,2018-02-04
2018,02,05,1579,Monday,1,2018-02-05
2018,02,06,1580,Tuesday,1,2018-02-06
2018,02,07,1581,Wednesday,1,2018-02-07
2018,02,08,1582,Thursday,1,2018-02-08
2018,02,09,1583,Friday,1,2018-02-09
2018,02,10,1584,Saturday,1,2018-02-10
2018,02,11,1585,Sunday,1,2018-02-11
2018,02,12,1586,Monday,1,2018-02-12
2018,02,13,1587,Tuesday,1,2018-02-13
2018,02,14,1588,Wednesday,1,2018-02-14
2018,02,15,1589,Thursday,1,2018-02-15
2018,02,16,1590,Friday,1,2018-02-16
2018,02,17,1591,Saturday,1,2018-02-17
2018,02,18,1592,Sunday,1,2018-02-18
2018,02,19,1593,Monday,1,2018-02-19
2018,02,20,1594,Tuesday,1,2018-02-20
2018,02,21,1595,Wednesday,1,2018-02-21
2018,02,22,1596,Thursday,1,2018-02-22
2018,02,23,1597,Friday,1,2018-02-23
2018,02,24,1598,Saturday,1,2018-02-24
2018,02,25,1599,Sunday,1,2018-02-25
2018,02,26,1600,Monday,1,2018-02-26
2018,02,27,1601,Tuesday,1,2018-02-27
2018,02,28,1602,Wednesday,1,2018-02-28
2018,03,01,1603,Thursday,1,2018-03-01
2018,03,02,1604,Friday,1,2018-03-02
2018,03,03,1605,Saturday,1,2018-03-03
2018,03,04,1606,Sunday,1,2018-03-04
2018,03,05,1607,Monday,1,2018-03-05
2018,03,06,1608,Tuesday,1,2018-03-06
2018,03,07,1609,Wednesday,1,2018-03-07
2018,03,08,1610,Thursday,1,2018-03-08
2018,03,09,1611,Friday,1,2018-03-09
2018,03,10,1612,Saturday,1,2018-03-10
2018,03,11,1613,Sunday,1,2018-03-11
2018,03,12,1614,Monday,1,2018-03-12
2018,03,13,1615,Tuesday,1,2018-03-13
2018,03,14,1616,Wednesday,1,2018-03-14
2018,03,15,1617,Thursday,1,2018-03-15
2018,03,16,1618,Friday,1,2018-03-16
2018,03,17,1619,Saturday,1,2018-03-17
2018,03,18,1620,Sunday,1,2018-03-18
2018,03,19,1621,Monday,1,2018-03-19
2018,03,20,1622,Tuesday,1,2018-03-20
2018,03,21,1623,Wednesday,1,2018-03-21
2018,03,22,1624,Thursday,1,2018-03-22
2018,03,23,1625,Friday,1,2018-03-23
2018,03,24,1626,Saturday,1,2018-03-24
2018,03,25,1627,Sunday,1,2018-03-25
2018,03,26,1628,Monday,1,2018-03-26
2018,03,27,1629,Tuesday,1,2018-03-27
2018,03,28,1630,Wednesday,1,2018-03-28
2018,03,29,1631,Thursday,1,2018-03-29
2018,03,30,1632,Friday,1,2018-03-30
2018,03,31,1633,Saturday,1,2018-03-31
